,AAPL,JPM,RELIANCE.NS,HDFCBANK.NS,TCS.NS,NVDA,GS
AAPL,1.0,0.020532432681336126,0.021860203986736798,0.02768673925817005,0.007469037876615854,-0.005216997388058205,0.018736629540962182
JPM,0.020532432681336126,1.0,-0.008226950524392044,-0.006548278171149526,-0.00993484888500155,-0.006674658511358135,-0.007110068820268902
RELIANCE.NS,0.021860203986736798,-0.008226950524392044,1.0,0.0019600622069209555,0.014449829705546218,0.021849834351580392,0.0045525048199693535
HDFCBANK.NS,0.02768673925817005,-0.006548278171149526,0.0019600622069209555,1.0,-0.030928649493987236,-0.041828192504235286,-0.00836255815492359
TCS.NS,0.007469037876615854,-0.00993484888500155,0.014449829705546218,-0.030928649493987236,1.0,-0.023497484520964628,-0.012901701649112713
NVDA,-0.005216997388058205,-0.006674658511358135,0.021849834351580392,-0.041828192504235286,-0.023497484520964628,1.0,0.006017473099562913
GS,0.018736629540962182,-0.007110068820268902,0.0045525048199693535,-0.00836255815492359,-0.012901701649112713,0.006017473099562913,1.0
