,AAPL,JPM,RELIANCE.NS,HDFCBANK.NS,TCS.NS,NVDA,GS
AAPL,0.04731470590899616,0.0009809586245684713,0.001071252558846454,0.0013209138740587602,0.0003573928362953522,-0.00024848261144217967,0.0009040160565205869
JPM,0.0009809586245684713,0.04824190170815022,-0.000407090234910779,-0.00031545974523147714,-0.0004800169621645009,-0.0003210100075516772,-0.00034639579853032416
RELIANCE.NS,0.001071252558846454,-0.000407090234910779,0.05075504055961235,9.685321978902841e-05,0.0007161193803963899,0.0010778666860786635,0.0002274974879507624
HDFCBANK.NS,0.0013209138740587602,-0.00031545974523147714,9.685321978902841e-05,0.04810710659876298,-0.0014922743843559393,-0.002008866273196642,-0.0004068463003706768
TCS.NS,0.0003573928362953522,-0.0004800169621645009,0.0007161193803963899,-0.0014922743843559393,0.04839118058237321,-0.0011318315396139497,-0.0006295303971763572
NVDA,-0.00024848261144217967,-0.0003210100075516772,0.0010778666860786635,-0.002008866273196642,-0.0011318315396139497,0.047946247368478884,0.0002922658480393523
GS,0.0009040160565205869,-0.00034639579853032416,0.0002274974879507624,-0.0004068463003706768,-0.0006295303971763572,0.0002922658480393523,0.04920091769229326
