,annual_return,annual_volatility,sharpe_ratio
AAPL,0.208600492391562,0.2175194380026672,0.717639277780995
JPM,0.08175541878223437,0.21964039179565809,0.13319689763371065
RELIANCE.NS,0.1758549137282314,0.22528879368404542,0.547541276736692
HDFCBANK.NS,0.04057658267619961,0.21933332304682518,-0.0543620876124458
TCS.NS,0.07666888387146813,0.21997995495583963,0.1098685735994444
NVDA,0.09588356278221759,0.218966315602375,0.19812893441107446
GS,0.15990214415563173,0.22181279875672924,0.48420174470375743
