,RELIANCE.NS,TCS.NS,HDFCBANK.NS,INFY.NS,ICICIBANK.NS,HINDUNILVR.NS,ITC.NS,KOTAKBANK.NS
RELIANCE.NS,1.0,0.01882179879997622,0.03283066247340457,0.06576526123960086,-0.005305219646309871,0.0027243823316997,-0.0013744744691977372,-0.0008317272629001858
TCS.NS,0.01882179879997622,1.0,-0.045180566018294316,-0.0047913590914720455,-0.043972105332150034,0.009281098836108297,0.03819839898272741,0.014560366079514067
HDFCBANK.NS,0.03283066247340457,-0.045180566018294316,1.0,0.0031821866442239602,0.016386234762592013,0.01589441095032789,0.014820130560184167,0.007495012265653509
INFY.NS,0.06576526123960086,-0.0047913590914720455,0.0031821866442239602,1.0,-0.00838365397113323,-0.013679564228705417,0.0008398596516497549,-0.03237082892569521
ICICIBANK.NS,-0.005305219646309871,-0.043972105332150034,0.016386234762592013,-0.00838365397113323,1.0,0.029180354116549335,0.010598828829870025,-0.021168349930396867
HINDUNILVR.NS,0.0027243823316997,0.009281098836108297,0.01589441095032789,-0.013679564228705417,0.029180354116549335,1.0,0.010538105138384076,0.01346422056144322
ITC.NS,-0.0013744744691977372,0.03819839898272741,0.014820130560184167,0.0008398596516497549,0.010598828829870025,0.010538105138384076,1.0,0.004915959287419957
KOTAKBANK.NS,-0.0008317272629001858,0.014560366079514067,0.007495012265653509,-0.03237082892569521,-0.021168349930396867,0.01346422056144322,0.004915959287419957,1.0
