,RELIANCE.NS,TCS.NS,HDFCBANK.NS,INFY.NS,ICICIBANK.NS,HINDUNILVR.NS,ITC.NS,KOTAKBANK.NS
RELIANCE.NS,0.05201587162595169,0.0009358207793117262,0.0016369296901308813,0.0033643841240014326,-0.0002675773773513084,0.00015249615428759828,-7.862022246379065e-05,-4.700604582620301e-05
TCS.NS,0.0009358207793117262,0.047525559116814727,-0.0021532662051272538,-0.0002342952171806931,-0.0021199175017501595,0.0004965762120732962,0.0020885189925118684,0.0007865761136300757
HDFCBANK.NS,0.0016369296901308813,-0.0021532662051272538,0.047793064556288525,0.00015604475415131815,0.0007922088603686721,0.0008528050694492701,0.0008125762415258595,0.00040603140841113884
INFY.NS,0.0033643841240014326,-0.0002342952171806931,0.00015604475415131815,0.05031322668297523,-0.00041586513642919673,-0.0007530715560844942,4.724734985880086e-05,-0.0017992841239125364
ICICIBANK.NS,-0.0002675773773513084,-0.0021199175017501595,0.0007922088603686721,-0.00041586513642919673,0.04890532694289323,0.0015837679043370948,0.0005878487684022099,-0.001160031898573488
HINDUNILVR.NS,0.00015249615428759828,0.0004965762120732962,0.0008528050694492701,-0.0007530715560844942,0.0015837679043370948,0.06023456698835999,0.0006486569482144855,0.0008188586778759357
ITC.NS,-7.862022246379065e-05,0.0020885189925118684,0.0008125762415258595,4.724734985880086e-05,0.0005878487684022099,0.0006486569482144855,0.06290125374932214,0.00030552219860004143
KOTAKBANK.NS,-4.700604582620301e-05,0.0007865761136300757,0.00040603140841113884,-0.0017992841239125364,-0.001160031898573488,0.0008188586778759357,0.00030552219860004143,0.0614058410859356
