,annual_return,annual_volatility,sharpe_ratio
AAPL,0.2610162894045627,0.21741879102921846,0.9590536697287615
MSFT,0.147468269938446,0.21755351678159812,0.43652831424363786
NVDA,0.15323010958716884,0.2210902579615947,0.4556062782497931
GOOGL,0.052969977301573386,0.22565616635802963,0.002082714198147434
META,0.15093288371059252,0.221033249172499,0.4453306644095587
AMZN,0.14845791199217637,0.22418593439484946,0.42802824472997336
TSLA,0.13675350780973392,0.24936670422371324,0.33786991760595253
NFLX,0.10354877809629033,0.24490343475671827,0.20844451670104616
