,AAPL,MSFT,NVDA,GOOGL,META,AMZN,TSLA,NFLX
AAPL,0.04727093069260695,0.00026817280826243355,-0.00017655350360615423,-0.0012978474996405936,5.531297174186455e-05,0.001739927317492794,-6.795651599294219e-05,8.515902158237185e-05
MSFT,0.00026817280826243355,0.047329532664041093,-0.0020117445357576125,0.0012798883797832956,0.00014142050498332508,0.00019170748160608411,0.0010007731044966244,0.0017161910161445945
NVDA,-0.00017655350360615423,-0.0020117445357576125,0.04888090216552448,-0.001194557576826544,-0.0009831912730059132,-0.000659527944318332,-0.0007854923775017613,0.0002104299071858609
GOOGL,-0.0012978474996405936,0.0012798883797832956,-0.001194557576826544,0.050920705415402744,0.0017258477627391344,-0.0009085093262265455,0.0007121541646424298,0.0015548444649062534
META,5.531297174186455e-05,0.00014142050498332508,-0.0009831912730059132,0.0017258477627391344,0.04885569723975201,0.0005637546554246573,3.6544269505481254e-05,-0.0007741939839251701
AMZN,0.001739927317492794,0.00019170748160608411,-0.000659527944318332,-0.0009085093262265455,0.0005637546554246573,0.05025933318049173,-0.0013184395007503709,-0.0006909210234994343
TSLA,-6.795651599294219e-05,0.0010007731044966244,-0.0007854923775017613,0.0007121541646424298,3.6544269505481254e-05,-0.0013184395007503709,0.06218375317539687,0.00042472955187680304
NFLX,8.515902158237185e-05,0.0017161910161445945,0.0002104299071858609,0.0015548444649062534,-0.0007741939839251701,-0.0006909210234994343,0.00042472955187680304,0.05997769235563814
