,AAPL,MSFT,NVDA,GOOGL,META,AMZN,TSLA,NFLX
AAPL,1.0,0.0056695887145043295,-0.0036729046785235146,-0.026453271091239395,0.001150992006869191,0.03569650271168154,-0.0012534169499185256,0.0015993323078327957
MSFT,0.0056695887145043295,1.0,-0.04182511231404043,0.026071065592165623,0.0029409569529248746,0.003930651977544437,0.0184472252923638,0.032211032051711504
NVDA,-0.0036729046785235146,-0.04182511231404043,1.0,-0.023943645570367787,-0.02011920430386008,-0.013306236368354775,-0.014247343760883508,0.0038863595843318835
GOOGL,-0.026453271091239395,0.026071065592165623,-0.023943645570367787,1.0,0.03460171863792755,-0.017958655647657255,0.0126557634045544,0.028134867235452436
META,0.001150992006869191,0.0029409569529248746,-0.02011920430386008,0.03460171863792755,1.0,0.011376906065232492,0.0006630147829701098,-0.014302017603275926
AMZN,0.03569650271168154,0.003930651977544437,-0.013306236368354775,-0.017958655647657255,0.011376906065232492,1.0,-0.023583778079945595,-0.012584187208565684
TSLA,-0.0012534169499185256,0.0184472252923638,-0.014247343760883508,0.0126557634045544,0.0006630147829701098,-0.023583778079945595,1.0,0.006954711802113835
NFLX,0.0015993323078327957,0.032211032051711504,0.0038863595843318835,0.028134867235452436,-0.014302017603275926,-0.012584187208565684,0.006954711802113835,1.0
